BEGIN TRANSACTION;
CREATE TABLE IF NOT EXISTS "age" (
	"age"	TEXT,
	"age_min"	NUMERIC,
	"age_max"	NUMERIC,
	"male_count"	NUMERIC,
	"female_count"	NUMERIC,
	"total_count"	NUMERIC,
	"male"	NUMERIC,
	"female"	NUMERIC,
	"total"	NUMERIC
);
CREATE TABLE IF NOT EXISTS "gender" (
	"gender"	TEXT,
	"count"	NUMERIC,
	"percentage"	NUMERIC
);
CREATE TABLE IF NOT EXISTS "height" (
	"height"	TEXT,
	"male"	NUMERIC,
	"female"	NUMERIC,
	"height_min"	NUMERIC,
	"height_max"	NUMERIC
);
CREATE TABLE IF NOT EXISTS "income" (
	"income_class"	TEXT,
	"percent"	NUMERIC,
	"income_min"	NUMERIC,
	"income_max"	NUMERIC
);
CREATE TABLE IF NOT EXISTS "relationship_status" (
	"age_group"	TEXT,
	"percent_singles_of_population"	NUMERIC,
	"percent_population"	NUMERIC,
	"population_count"	NUMERIC,
	"singles_count"	NUMERIC,
	"percent"	NUMERIC,
	"age_min"	NUMERIC,
	"age_max"	NUMERIC
);
CREATE TABLE IF NOT EXISTS "weight" (
	"age_group"	TEXT,
	"gender"	TEXT,
	"underweight"	NUMERIC,
	"normal"	NUMERIC,
	"overweight"	NUMERIC,
	"obese"	NUMERIC,
	"age_min"	NUMERIC,
	"age_max"	NUMERIC
);
INSERT INTO "age" VALUES ('18_19',18,19,401000,376000,777000,0.0117851,0.0105213,0.0111377),
 ('19_20',19,20,412000,386000,798000,0.01210838,0.01080113,0.01143872),
 ('20_21',20,21,413000,392000,805000,0.01213777,0.01096902,0.01153906),
 ('21_22',21,22,427000,404000,831000,0.01254922,0.01130481,0.01191175),
 ('22_23',22,23,446000,418000,864000,0.01310762,0.01169656,0.01238478),
 ('23_24',23,24,475000,442000,917000,0.01395991,0.01236813,0.0131445),
 ('24_25',24,25,489000,446000,935000,0.01437136,0.01248006,0.01340251),
 ('25_26',25,26,501000,461000,962000,0.01472403,0.01289979,0.01378954),
 ('26_27',26,27,524000,480000,1004000,0.01539998,0.01343145,0.01439158),
 ('27_28',27,28,519000,479000,998000,0.01525304,0.01340347,0.01430557),
 ('28_29',28,29,510000,472000,982000,0.01498853,0.01320759,0.01407622),
 ('29_30',29,30,515000,478000,993000,0.01513548,0.01337549,0.0142339),
 ('30_31',30,31,527000,493000,1020000,0.01548815,0.01379522,0.01462093),
 ('31_32',31,32,532000,502000,1034000,0.0156351,0.01404706,0.01482161),
 ('32_33',32,33,548000,519000,1067000,0.01610533,0.01452276,0.01529464),
 ('33_34',33,34,595000,563000,1158000,0.01748662,0.01575398,0.01659905),
 ('34_35',34,35,585000,558000,1143000,0.01719273,0.01561406,0.01638404),
 ('35_36',35,36,597000,570000,1167000,0.0175454,0.01594985,0.01672806),
 ('36_37',36,37,582000,558000,1140000,0.01710456,0.01561406,0.01634104),
 ('37_38',37,38,568000,552000,1120000,0.01669311,0.01544617,0.01605435),
 ('38_39',38,39,549000,536000,1085000,0.01613472,0.01499846,0.01555265),
 ('39_40',39,40,543000,533000,1076000,0.01595838,0.01491451,0.01542364),
 ('40_41',40,41,541000,535000,1076000,0.0158996,0.01497047,0.01542364),
 ('41_42',41,42,549000,544000,1093000,0.01613472,0.01522231,0.01566733),
 ('42_43',42,43,540000,541000,1081000,0.01587021,0.01513837,0.01549531),
 ('43_44',43,44,541000,544000,1085000,0.0158996,0.01522231,0.01555265),
 ('44_45',44,45,514000,517000,1031000,0.01510609,0.01446679,0.0147786),
 ('45_46',45,46,506000,509000,1015000,0.01487098,0.01424294,0.01454925),
 ('46_47',46,47,500000,502000,1002000,0.01469464,0.01404706,0.01436291),
 ('47_48',47,48,488000,493000,981000,0.01434197,0.01379522,0.01406189),
 ('48_49',48,49,475000,479000,954000,0.01395991,0.01340347,0.01367487),
 ('49_50',49,50,478000,485000,963000,0.01404808,0.01357136,0.01380387),
 ('50_51',50,51,480000,487000,967000,0.01410685,0.01362733,0.01386121),
 ('51_52',51,52,519000,523000,1042000,0.01525304,0.01463469,0.01493628),
 ('52_53',52,53,568000,571000,1139000,0.01669311,0.01597783,0.0163267),
 ('53_54',53,54,587000,589000,1176000,0.01725151,0.01648151,0.01685707),
 ('54_55',54,55,629000,628000,1257000,0.01848586,0.01757282,0.01801814),
 ('55_56',55,56,655000,655000,1310000,0.01924998,0.01832834,0.01877786),
 ('56_57',56,57,668000,670000,1338000,0.01963204,0.01874807,0.01917922),
 ('57_58',57,58,683000,684000,1367000,0.02007288,0.01913982,0.01959491),
 ('58_59',58,59,682000,682000,1364000,0.02004349,0.01908386,0.01955191),
 ('59_60',59,60,689000,694000,1383000,0.02024922,0.01941964,0.01982426),
 ('60_61',60,61,677000,686000,1363000,0.01989654,0.01919579,0.01953757),
 ('61_62',61,62,650000,664000,1314000,0.01910303,0.01858018,0.01883519),
 ('62_63',62,63,633000,653000,1286000,0.01860342,0.01827237,0.01843384),
 ('63_64',63,64,605000,629000,1234000,0.01778052,0.0176008,0.01768845),
 ('64_65',64,65,581000,609000,1190000,0.01707517,0.01704116,0.01705775),
 ('65_66',65,66,543000,573000,1116000,0.01595838,0.0160338,0.01599701),
 ('66_67',66,67,522000,557000,1079000,0.0153412,0.01558608,0.01546665),
 ('67_68',67,68,499000,540000,1039000,0.01466525,0.01511038,0.01489328),
 ('68_69',68,69,474000,522000,996000,0.01393052,0.01460671,0.0142769),
 ('69_70',69,70,454000,512000,966000,0.01334273,0.01432688,0.01384688),
 ('70_71',70,71,431000,493000,924000,0.01266678,0.01379522,0.01324484),
 ('71_72',71,72,423000,489000,912000,0.01243166,0.01368329,0.01307283),
 ('72_73',72,73,406000,474000,880000,0.01193205,0.01326356,0.01261413),
 ('73_74',73,74,399000,469000,868000,0.01172632,0.01312365,0.01244212),
 ('74_75',74,75,379000,447000,826000,0.01113854,0.01250804,0.01184008),
 ('75_76',75,76,339000,401000,740000,0.00996296,0.01122086,0.01060734),
 ('76_77',76,77,309000,373000,682000,0.00908129,0.01043736,0.00977595),
 ('77_78',77,78,260000,320000,580000,0.00764121,0.0089543,0.00831386),
 ('78_79',78,79,219000,278000,497000,0.00643625,0.00777905,0.00712412),
 ('79_80',79,80,283000,363000,646000,0.00831716,0.01015753,0.00925992),
 ('80_81',80,81,277000,360000,637000,0.00814083,0.01007359,0.00913091),
 ('81_82',81,82,256000,340000,596000,0.00752365,0.00951394,0.00854321),
 ('82_83',82,83,292000,402000,694000,0.00858167,0.01124884,0.00994796),
 ('83_84',83,84,285000,407000,692000,0.00837594,0.01138875,0.00991929),
 ('84_85',84,85,259000,381000,640000,0.00761182,0.01066121,0.00917391),
 ('85_86',85,86,219000,333000,552000,0.00643625,0.00931807,0.0079125),
 ('86_87',86,87,182000,288000,470000,0.00534885,0.00805887,0.00673709),
 ('87_88',87,88,153000,254000,407000,0.00449656,0.00710747,0.00583403),
 ('88_89',88,89,126000,219000,345000,0.00370305,0.0061281,0.00494531),
 ('89_90',89,90,98000,179000,277000,0.00288015,0.00500881,0.00397058),
 ('90_91',90,91,64000,124000,188000,0.00188091,0.00346979,0.00269483),
 ('91_92',91,92,50000,105000,155000,0.00146946,0.00293813,0.0022218),
 ('92_93',92,93,39000,89000,128000,0.00114618,0.00249041,0.00183478),
 ('93_94',93,94,31000,76000,107000,0.00091106,0.00212664,0.00153376),
 ('94_95',94,95,22000,58000,80000,0.00064656,0.00162296,0.00114673),
 ('95_96',95,96,15000,43000,58000,0.00044083,0.00120323,0.00083138),
 ('96_97',96,97,10000,30000,40000,0.00029389,0.00083946,0.00057336),
 ('97_98',97,98,6000,22000,28000,0.00017633,0.0006156,0.00040135),
 ('98_99',98,99,4000,15000,19000,0.00011755,0.00041973,0.00027235),
 ('99_100',99,100,2000,10000,12000,5.877e-05,0.00027982,0.00017201);
INSERT INTO "gender" VALUES ('male',42799793,0.507353947),
 ('female',41559052,0.492646053);
INSERT INTO "height" VALUES ('150-154 cm',0.001,0.04,150,154),
 ('155-159 cm',0.003,0.127,155,159),
 ('160-164 cm',0.023,0.27,160,164),
 ('165-169 cm',0.09,0.291,165,169),
 ('170-174 cm',0.192,0.176,170,174),
 ('175-179 cm',0.261,0.069,175,179),
 ('180-184 cm',0.239,0.018,180,184),
 ('185-189 cm',0.128,0.002,185,189),
 ('Über 190 cm',0.063,0,190,'Infinity'),
 ('Unter 150 cm',0.001,0.006,'-Infinity',149);
INSERT INTO "income" VALUES ('1 € - 5.000 €',0.0877,1,4999),
 ('10.000 € - 15.000 €',0.1117,10000,14999),
 ('100.000 € - 125.000 €',0.0124,100000,124999),
 ('125.000 € - 250.000 €',0.0156,125000,249999),
 ('15.000 € - 20.000 €',0.1029,15000,19999),
 ('20.000 € - 25.000 €',0.0956,20000,24999),
 ('25.000 € - 30.000 €',0.0898,25000,29999),
 ('250.000 € - 500.000 €',0.0038,250000,499999),
 ('30.000 € - 35.000 €',0.0817,30000,34999),
 ('35.000 € - 40.000 €',0.0662,35000,39999),
 ('40.000 € - 45.000 €',0.0507,40000,44999),
 ('45.000 € - 50.000 €',0.039,45000,49999),
 ('5.000 € - 10.000 €',0.0995,5000,9999),
 ('50.000 € - 60.000 €',0.0517,50000,59999),
 ('500.000 € - 1.000.000 €',0.001,500000,999999),
 ('60.000 € - 70.000 €',0.0301,60000,69999),
 ('70.000 € - 80.000 €',0.019,70000,79999),
 ('80.000 € - 90.000 €',0.0127,80000,89999),
 ('90.000 € - 100.000 €',0.0087,90000,99999),
 ('< 0',0.0198,'-Infinity',0),
 ('> 1.000.000 €',0.0004,1000000,'Infinity');
INSERT INTO "relationship_status" VALUES ('14_19',0.16,0.06,4827702,2738514,0.57,14,19),
 ('20_29',0.19,0.13,9801699,3153441,0.32,20,29),
 ('30_39',0.09,0.15,10972051,1626511,0.15,30,39),
 ('40_49',0.07,0.14,10313728,1244779,0.12,40,49),
 ('50_59',0.12,0.18,13751637,2107826,0.15,50,59),
 ('60_69',0.12,0.14,10752610,2058035,0.19,60,69),
 ('70_100',0.22,0.17,12727579,3667949,0.29,70,100);
INSERT INTO "weight" VALUES ('18 - 25','male',0.044,0.651,0.25,0.056,18,24),
 ('25 - 35','male',0.01,0.488,0.348,0.154,25,34),
 ('35 - 45','male',0.009,0.389,0.401,0.2,35,44),
 ('45 - 55','male',0.007,0.308,0.451,0.234,45,54),
 ('55 - 65','male',0.013,0.3,0.451,0.237,55,64),
 ('65 - 75','male',0.004,0.267,0.484,0.245,65,74),
 ('75 und mehr','male',0.006,0.363,0.488,0.143,75,'Infinity'),
 ('18 - 25','female',0.076,0.667,0.157,0.099,18,24),
 ('25 - 35','female',0.073,0.621,0.199,0.107,25,34),
 ('35 - 45','female',0.025,0.534,0.281,0.16,35,44),
 ('45 - 55','female',0.019,0.519,0.266,0.196,45,54),
 ('55 - 65','female',0.021,0.42,0.294,0.265,55,64),
 ('65 - 75','female',0.014,0.386,0.336,0.264,65,74),
 ('75 und mehr','female',0.034,0.433,0.341,0.193,75,'Infinity'),
 ('3 - 6','male',0.06,0.867,0.064,0.01,3,6),
 ('7 - 10','male',0.076,0.763,0.093,0.068,7,10),
 ('11 - 13','male',0.085,0.704,0.131,0.08,11,13),
 ('14 - 17','male',0.097,0.717,0.093,0.092,14,17),
 ('3 - 6','female',0.043,0.848,0.076,0.032,3,6),
 ('7 - 10','female',0.096,0.755,0.103,0.047,7,10),
 ('11 - 13','female',0.077,0.723,0.135,0.065,11,13),
 ('14 - 17','female',0.073,0.765,0.085,0.077,14,17);
COMMIT;
